<?xml version="1.0" encoding="UTF-8"?>
<project-private xmlns="http://www.netbeans.org/ns/project-private/1">
    <editor-bookmarks xmlns="http://www.netbeans.org/ns/editor-bookmarks/2" lastBookmarkId="0"/>
    <open-files xmlns="http://www.netbeans.org/ns/projectui-open-files/2">
        <group>
            <file>file:/C:/Users/intel/Documents/GitHub/trabPooStarCraft/TrabPOO/src/control/Main.java</file>
            <file>file:/C:/Users/intel/Documents/GitHub/trabPooStarCraft/TrabPOO/src/control/Battlefield.java</file>
            <file>file:/C:/Users/intel/Documents/GitHub/trabPooStarCraft/TrabPOO/src/dao/FileManipulation.java</file>
        </group>
    </open-files>
</project-private>
